{
  "Random Forest": {
    "train": {
      "MAE": 0.6878554454431527,
      "RMSE": 0.8455375400549474,
      "R2": 0.6344133953724029
    },
    "val": {
      "MAE": 1.1529980314299515,
      "RMSE": 1.3751762440150768,
      "R2": 0.05847839021528367
    },
    "test": {
      "MAE": 1.1056116931184516,
      "RMSE": 1.382243399804745,
      "R2": -0.031036458453261417
    },
    "train_time_s": 24.060274600982666,
    "size_mb": 2.688551,
    "val_preds": [
      0.2733851292732856,
      0.8693737926653955,
      0.5942077254913744,
      1.8577291158409195,
      0.8524229391328411,
      0.5259334849795599,
      0.5942077254913744,
      1.1343738312292906,
      0.9227186381859521,
      0.6056248448970312,
      1.1089761951005177,
      0.957331829977031,
      2.244367206307791,
      1.503688751589095,
      0.623843204103284,
      0.4426510216089332,
      0.9282335411015314,
      1.3308381366883224,
      1.2473799591899324,
      0.7997547972646645,
      1.7642432595874546,
      1.349155590550521,
      0.6027039773320959,
      1.1904855830790508,
      0.8696085952645939,
      1.156401676734392,
      1.225855126251666,
      1.382610490555622,
      0.8276023449807638,
      0.9211581899030331,
      0.9388147795592945,
      1.278871656052433,
      1.4883066653420167,
      1.0450563303928044,
      0.6449641528965153,
      1.4278484578046897,
      1.1194735483617313,
      1.4981648901272537,
      0.7572360378200453,
      0.8692517449086796,
      1.15958902497368,
      1.3070248568375373,
      1.3908453047026212,
      1.3055376080943895,
      1.7233411607896694,
      1.03247200690718,
      1.1485388903443583,
      0.6120811378299617,
      0.8876086242984998,
      1.6974720719372245,
      1.339907410543736,
      1.2159617275865764,
      1.5916963260518024,
      1.484269723259488,
      0.9391477922137859,
      2.2495787541065315,
      1.0064178717923646,
      1.314370463750006,
      1.4059861551610247,
      2.3357595198004772,
      0.9301895025616908,
      1.2628770718801297,
      0.931261943637695,
      0.7692808455511888,
      0.8461569605549245,
      1.2681651477715636,
      0.7675226606755388,
      1.6382422232921108,
      1.2076166695439314,
      0.7028962829028916,
      1.1585067290011928,
      1.046191079171974,
      1.1526024123685588,
      1.3958822148520942,
      1.0865107237436666,
      1.3214308695970844,
      1.3334882449958108,
      1.1409805635701458
    ],
    "test_preds": [
      0.9736628093646477,
      1.376175360207672,
      1.3670745199529062,
      0.9128812154497439,
      1.2364290933749134,
      1.1551784038329922,
      0.9133158307432867,
      1.3219772519916257,
      1.049792836343568,
      1.2174859010198624,
      0.7251186413834437,
      1.6639458343168354,
      0.8324993513629029,
      1.249194449598862,
      1.249875205843553,
      0.9114281657751692,
      1.4990510360352014,
      1.056745272111887,
      0.7375065330140845,
      1.0626972966112314,
      1.8299198763344506,
      0.9305772278718628,
      0.7254641359824993,
      0.8402314485260258,
      1.3233599244401433,
      0.9670770726276464,
      1.5444217123624642,
      0.9635971862362899,
      1.1388769651845625,
      1.0727209060342728,
      1.92691086737232,
      0.9676151774529239,
      0.5452474071150835,
      1.4355113513924271,
      1.0462308688809587,
      0.9930145068834586,
      1.1445055274639873,
      0.885307913945966,
      1.0195287671942483,
      1.049708719391488,
      1.164413466852392,
      1.1183877774609732,
      1.0439771263638926,
      0.8767778003904861,
      1.1238052336538091,
      2.0073452299971555,
      0.8178536725289557,
      1.3295556541857116,
      1.3965889454317761,
      0.8542198289019317,
      1.6189704508071485,
      1.517350943198503,
      1.6088263790812938,
      1.2378564545407038,
      0.9932291256513347,
      0.6729958703001068,
      1.6289800617378147,
      1.234665650449825,
      1.0398681748111864,
      0.7442279211705365,
      1.482255396411751,
      0.9946442858434085,
      1.8644749653586123,
      1.3769485687074132,
      1.3166297796270099,
      1.2892649907688067,
      1.0029930027697356,
      1.4908674035603593,
      0.9552310920959527,
      1.4757281704702383,
      1.8053759081795826,
      1.3577757263530497,
      1.9169854767820038,
      1.0278615495828696,
      1.1441154694388094,
      0.7261099989749602,
      0.7280317087006604,
      0.7326869872770948
    ]
  },
  "MLP": {
    "train": {
      "MAE": 0.9817709363989415,
      "RMSE": 1.2476478587704154,
      "R2": 0.20400830334018905
    },
    "val": {
      "MAE": 1.2555274442826827,
      "RMSE": 1.532655174275629,
      "R2": -0.16950607237539428
    },
    "test": {
      "MAE": 1.0237551406908156,
      "RMSE": 1.3521496079347286,
      "R2": 0.013369660786682225
    },
    "train_time_s": 5.671570539474487,
    "size_mb": 0.052996,
    "val_preds": [
      0.2413088083267212,
      0.6608605980873108,
      0.175638347864151,
      1.8501116037368774,
      1.0269250869750977,
      0.23231187462806702,
      0.175638347864151,
      0.4670160412788391,
      1.1479861736297607,
      0.9287908673286438,
      0.9576956629753113,
      1.1547008752822876,
      1.8028579950332642,
      0.9616568684577942,
      0.3344820439815521,
      0.3782736361026764,
      0.5658049583435059,
      0.49233290553092957,
      0.7807436585426331,
      1.1598092317581177,
      0.2913781702518463,
      1.149146318435669,
      0.6274755001068115,
      0.38041338324546814,
      0.3297813832759857,
      0.7109957337379456,
      1.0873165130615234,
      1.0716431140899658,
      0.4837980568408966,
      0.632796049118042,
      0.40532615780830383,
      1.3360368013381958,
      1.1917909383773804,
      0.9717057943344116,
      0.46926349401474,
      0.9327824115753174,
      1.0907912254333496,
      1.3093334436416626,
      0.661037027835846,
      1.3341865539550781,
      1.0931458473205566,
      1.781018853187561,
      0.4372735917568207,
      1.542466640472412,
      0.718413770198822,
      1.509064793586731,
      1.1456882953643799,
      0.4616433084011078,
      0.4991951286792755,
      0.4137081801891327,
      1.0901830196380615,
      0.9422699809074402,
      1.0920944213867188,
      1.3577404022216797,
      0.7790436148643494,
      1.6393884420394897,
      0.6191878914833069,
      1.3188834190368652,
      1.7510347366333008,
      1.6663167476654053,
      1.101740837097168,
      1.0835165977478027,
      1.0389409065246582,
      0.44903603196144104,
      0.6649431586265564,
      0.6958054900169373,
      0.7023990154266357,
      1.0926923751831055,
      1.1797733306884766,
      0.5704880952835083,
      1.1795740127563477,
      1.2453229427337646,
      0.5435632467269897,
      0.8509385585784912,
      0.8850712180137634,
      1.1072041988372803,
      1.701829433441162,
      1.047829031944275
    ],